Transaction Date,Post Date,Description,Category,Type,Amount,Memo
08/11/2022,08/11/2022,Payment Thank You-Mobile,,Payment,1804.56,
08/10/2022,08/11/2022,MTA*NYCT PAYGO,Travel,Sale,-2.75,
08/09/2022,08/11/2022,SUKHUMVIT 51,Food & Drink,Sale,-132.79,
08/10/2022,08/11/2022,LYFT   *1 RIDE 08-09,Travel,Sale,-7.69,
08/09/2022,08/11/2022,MTA*NYCT PAYGO,Travel,Sale,-2.75,
08/09/2022,08/10/2022,2ND AVE GOURMET DELI,Groceries,Sale,-5.20,
08/09/2022,08/10/2022,2ND AVE GOURMET DELI,Groceries,Sale,-2.83,
08/08/2022,08/09/2022,CHIPOTLE 1879,Food & Drink,Sale,-12.63,
08/06/2022,08/09/2022,DELITERIA,Groceries,Sale,-9.33,
08/08/2022,08/09/2022,SQ *TAP MIDTOWN,Food & Drink,Sale,-14.42,
08/08/2022,08/09/2022,MTA*NYCT PAYGO,Travel,Sale,-2.75,
08/08/2022,08/09/2022,MTA*NYCT PAYGO,Travel,Sale,-2.75,
08/08/2022,08/09/2022,45 DELI,Groceries,Sale,-2.60,
08/08/2022,08/09/2022,ON-SITE MA* BLDG MANAG,Personal,Sale,-20.00,
08/08/2022,08/09/2022,45 DELI,Groceries,Sale,-6.22,
08/07/2022,08/08/2022,SQ *BLANK STREET,Food & Drink,Sale,-5.17,
08/06/2022,08/08/2022,AL HORNO LEAN MEXICAN,Food & Drink,Sale,-13.83,
08/07/2022,08/08/2022,LYFT   *2 RIDES 08-06,Travel,Sale,-33.84,
08/07/2022,08/08/2022,SQ *HEMPED NYC LLC,Shopping,Sale,-65.27,
08/07/2022,08/08/2022,TST* MARINARA PIZZA - 985,Food & Drink,Sale,-9.26,
08/06/2022,08/07/2022,DUNKIN #362897,Food & Drink,Sale,-3.26,
08/05/2022,08/07/2022,MTA*NYCT PAYGO,Travel,Sale,-2.75,
08/05/2022,08/07/2022,TST* Naya Vesey,Food & Drink,Sale,-13.50,
08/05/2022,08/07/2022,MTA*NYCT PAYGO,Travel,Sale,-2.75,
08/07/2022,08/07/2022,OXFORD PROPERTY GRP,Professional Services,Sale,-20.00,
08/05/2022,08/07/2022,TST* Sushi &amp; Co 2,Food & Drink,Sale,-21.99,
08/06/2022,08/07/2022,TST* Bobwhite Counter - A,Food & Drink,Sale,-12.92,
08/03/2022,08/05/2022,GOURMET 45,Food & Drink,Sale,-3.81,
08/03/2022,08/05/2022,MTA*NYCT PAYGO,Travel,Sale,-2.75,
08/04/2022,08/05/2022,TRADER JOE'S #543  QPS,Groceries,Sale,-26.43,
08/04/2022,08/05/2022,MTA*NYCT PAYGO,Travel,Sale,-2.75,
08/04/2022,08/05/2022,MTA*NYCT PAYGO,Travel,Sale,-2.75,
08/04/2022,08/05/2022,MTA*NYCT PAYGO,Travel,Sale,-2.75,
08/03/2022,08/04/2022,DUANE READE #14503,Health & Wellness,Sale,-3.04,
08/03/2022,08/04/2022,SQ *TAP MIDTOWN,Food & Drink,Sale,-15.03,
08/03/2022,08/04/2022,AMZN Mktp US*9J6RC0PN3,Shopping,Sale,-21.76,
08/03/2022,08/04/2022,TST* Sushi &amp; Co 2,Food & Drink,Sale,-19.59,
08/02/2022,08/04/2022,MTA*NYCT PAYGO,Travel,Sale,-2.75,
08/03/2022,08/04/2022,MTA*NYCT PAYGO,Travel,Sale,-2.75,
08/03/2022,08/04/2022,LYFT   *1 RIDE 08-02,Travel,Sale,-24.47,
08/03/2022,08/04/2022,Amazon web services,Personal,Sale,-0.50,
08/02/2022,08/04/2022,MTA*NYCT PAYGO,Travel,Sale,-2.75,
08/02/2022,08/04/2022,MTA*NYCT PAYGO,Travel,Sale,-2.75,
08/03/2022,08/03/2022,AMZN Mktp US*EO5UF08R3,Shopping,Sale,-22.17,
08/01/2022,08/03/2022,SWEETGREEN WORLD TRADE,Food & Drink,Sale,-10.83,
08/02/2022,08/03/2022,45 DELI,Groceries,Sale,-12.15,
08/01/2022,08/03/2022,Pick A Bagel,Food & Drink,Sale,-5.44,
08/01/2022,08/02/2022,MTA*NYCT PAYGO,Travel,Sale,-2.75,
08/01/2022,08/02/2022,MTA*NYCT PAYGO,Travel,Sale,-2.75,
07/31/2022,08/02/2022,AMISH MARKET,Groceries,Sale,-13.32,
07/31/2022,08/02/2022,ECLAIR BAKERY,Food & Drink,Sale,-6.26,
08/01/2022,08/02/2022,LYFT   *2 RIDES 07-31,Travel,Sale,-21.77,
07/31/2022,08/02/2022,ECLAIR BAKERY,Food & Drink,Sale,-3.32,
08/01/2022,08/02/2022,ARAMARK GOLDMAN SACHS 200,Food & Drink,Sale,-3.09,
08/02/2022,08/02/2022,SLICE*MARINARAPIZZA,Food & Drink,Sale,-55.03,
08/01/2022,08/02/2022,2ND AVE GOURMET DELI,Groceries,Sale,-3.12,
07/31/2022,08/01/2022,JUICE GENERATION OLO,Food & Drink,Sale,-11.16,
07/30/2022,08/01/2022,MANHATTAN HARDWARE HOUSEW,Home,Sale,-9.79,
07/31/2022,08/01/2022,CITIBIK*7 RIDES,Travel,Sale,-11.27,
07/31/2022,08/01/2022,HEALTHSOURCE PHARMACY,Health & Wellness,Sale,-1.09,
07/31/2022,08/01/2022,MANHATTAN HARDWARE HOUSEW,Home,Sale,-10.88,
07/31/2022,08/01/2022,AMZN Mktp US*BM11I9TE3,Shopping,Sale,-25.57,
07/29/2022,07/31/2022,AMZN Mktp US*8R7ED28E3,Shopping,Sale,-11.06,
07/30/2022,07/31/2022,AMZN Mktp US*PS6GB8S73,Shopping,Sale,-10.64,
07/30/2022,07/31/2022,KARE THAI,Food & Drink,Sale,-16.33,
07/30/2022,07/31/2022,AMZN Mktp US*FF3OM1O73,Shopping,Sale,-13.03,
07/30/2022,07/31/2022,AMZN Mktp US*178CK1A31,Shopping,Sale,-9.37,
07/29/2022,07/31/2022,HILLS QUALITY SEAFODD MAR,Groceries,Sale,-143.00,
07/29/2022,07/31/2022,WAWA 8082     00080820,Gas,Sale,-2.11,
07/28/2022,07/29/2022,MTA*NYCT PAYGO,Travel,Sale,-2.75,
07/29/2022,07/29/2022,DOORDASH*OLLIES SICHUA,Food & Drink,Sale,-22.84,
07/28/2022,07/29/2022,MEGABUS.COM,Travel,Sale,-48.97,
07/28/2022,07/29/2022,TST* Naya Vesey,Food & Drink,Sale,-13.50,
07/28/2022,07/29/2022,AMZN Mktp US*8T3ZG5O33,Shopping,Sale,-84.88,
07/27/2022,07/29/2022,MTA*NYCT PAYGO,Travel,Sale,-2.75,
07/27/2022,07/29/2022,MTA*NYCT PAYGO,Travel,Sale,-2.75,
07/27/2022,07/29/2022,IL MULINO PRIME,Food & Drink,Sale,-117.99,
07/28/2022,07/29/2022,ARAMARK GOLDMAN SACHS 200,Food & Drink,Sale,-2.49,
07/27/2022,07/29/2022,IL MULINO PRIME,Food & Drink,Sale,-51.55,
07/27/2022,07/28/2022,MANHATTAN HARDWARE HOUSEW,Home,Sale,-35.87,
07/26/2022,07/27/2022,MTA*NYCT PAYGO,Travel,Sale,-2.75,
07/26/2022,07/27/2022,AMZN Mktp US*DN67W8Y53,Shopping,Sale,-10.88,
07/26/2022,07/27/2022,SQ *BOXERSHK,Food & Drink,Sale,-23.78,
07/26/2022,07/27/2022,SQ *BOXERSHK,Food & Drink,Sale,-36.84,
07/26/2022,07/26/2022,LITTLE ITALY PIZZA,Food & Drink,Sale,-5.03,
07/25/2022,07/26/2022,LYFT   *1 RIDE 07-24,Travel,Sale,-22.06,
07/25/2022,07/26/2022,MTA*NYCT PAYGO,Travel,Sale,-2.75,
07/24/2022,07/26/2022,AMISH MARKET,Groceries,Sale,-25.42,
07/25/2022,07/26/2022,EL VEZ NY,Food & Drink,Sale,-16.88,
07/22/2022,07/25/2022,TACO VILLAGE NY,Food & Drink,Sale,-4.53,
07/23/2022,07/25/2022,GREEN LAND GOURMET DELI,Groceries,Sale,-3.12,
07/24/2022,07/25/2022,LYFT   *1 RIDE 07-23,Travel,Sale,-47.26,
07/23/2022,07/25/2022,TST* Rowdy Rooster,Food & Drink,Sale,-15.23,
07/24/2022,07/25/2022,CITIBIK*2 RIDES,Travel,Sale,-5.36,
07/24/2022,07/25/2022,SQ *DICKSON'S FARMSTAND M,Groceries,Sale,-28.69,
07/23/2022,07/24/2022,TST* Bobwhite Counter - A,Food & Drink,Sale,-11.52,
07/22/2022,07/24/2022,JUICE GENERATION OLO,Food & Drink,Sale,-12.79,
07/22/2022,07/24/2022,MTA*NYCT PAYGO,Travel,Sale,-2.75,
07/22/2022,07/24/2022,TST* 7th Street Burger -,Food & Drink,Sale,-2.00,
07/23/2022,07/24/2022,SQ *LAVISTA PIZZA,Food & Drink,Sale,-10.89,
07/21/2022,07/24/2022,MTA*NYCT PAYGO,Travel,Sale,-2.75,
07/23/2022,07/24/2022,MTA*NYCT PAYGO,Travel,Sale,-2.75,
07/24/2022,07/24/2022,Spotify USA,Bills & Utilities,Sale,-9.99,
07/21/2022,07/24/2022,MTA*NYCT PAYGO,Travel,Sale,-2.75,
07/23/2022,07/24/2022,LYFT   *1 RIDE 07-22,Travel,Sale,-12.65,
07/22/2022,07/24/2022,MTA*NYCT PAYGO,Travel,Sale,-2.75,
07/21/2022,07/22/2022,Amazon web services,Personal,Sale,-0.50,
07/20/2022,07/22/2022,MTA*NYCT PAYGO,Travel,Sale,-2.75,
07/21/2022,07/22/2022,MTA*NYCT PAYGO,Travel,Sale,-2.75,
07/21/2022,07/22/2022,Amazon web services,Personal,Sale,-0.50,
07/21/2022,07/22/2022,ELM HEALTH CHELSEA CORP,Health & Wellness,Sale,-3.26,
07/21/2022,07/22/2022,Amazon web services,Personal,Sale,-0.50,
07/21/2022,07/21/2022,Payment Thank You - Web,,Payment,846.15,
07/20/2022,07/21/2022,MTA*NYCT PAYGO,Travel,Sale,-2.75,
07/20/2022,07/21/2022,WHOLEFDS TRB 10245,Groceries,Sale,-4.04,
07/18/2022,07/21/2022,OLIVE TREE CAFE &amp; BAR,Food & Drink,Sale,-201.37,
07/21/2022,07/21/2022,APPLE.COM/BILL,Entertainment,Sale,-2.99,
07/20/2022,07/21/2022,XI'AN FAMOUS FOODS,Food & Drink,Sale,-13.25,
07/20/2022,07/21/2022,USPS PO 3596050005,Shopping,Sale,-2.19,
07/18/2022,07/20/2022,MTA*NYCT PAYGO,Travel,Sale,-2.75,
07/18/2022,07/20/2022,BENS PIZZERIA,Food & Drink,Sale,-5.67,
07/18/2022,07/20/2022,MTA*NYCT PAYGO,Travel,Sale,-2.75,
07/19/2022,07/20/2022,EL VEZ NY,Food & Drink,Sale,-13.61,
07/17/2022,07/18/2022,PRESSED JUICERY - 7 EAST,Food & Drink,Sale,-3.00,
07/17/2022,07/18/2022,MTA*NYCT PAYGO,Travel,Sale,-2.75,
07/17/2022,07/18/2022,TRADER JOE'S #543  QPS,Groceries,Sale,-85.63,
07/17/2022,07/18/2022,SQ *DEVOCION Â¦ FLATIRON,Food & Drink,Sale,-5.17,
07/17/2022,07/18/2022,TM *DEAD  COMPANY,Entertainment,Sale,-253.25,
07/14/2022,07/17/2022,AMISH MARKET,Groceries,Sale,-19.57,
07/16/2022,07/17/2022,MTA*NYCT PAYGO,Travel,Sale,-2.75,
07/16/2022,07/17/2022,MIDTOWN WEST GOURMET,Groceries,Sale,-7.02,
07/16/2022,07/17/2022,MTA*NYCT PAYGO,Travel,Sale,-2.75,
07/15/2022,07/17/2022,MTA*NYCT PAYGO,Travel,Sale,-2.75,
07/15/2022,07/17/2022,MIDTOWN WEST GOURMET,Groceries,Sale,-2.18,
07/16/2022,07/17/2022,MTA*NYCT PAYGO,Travel,Sale,-2.75,
07/16/2022,07/17/2022,JUICE GENERATION OLO,Food & Drink,Sale,-12.79,
07/15/2022,07/17/2022,MIDTOWN WEST GOURMET,Groceries,Sale,-5.98,
07/16/2022,07/17/2022,TM *TICKETMASTER,Entertainment,Sale,-152.25,
07/14/2022,07/15/2022,eBay O*18-08862-26141,Shopping,Sale,-150.49,
07/14/2022,07/15/2022,FEDEX OFFIC26500002659,Personal,Sale,-54.42,
07/13/2022,07/15/2022,JUICE GENERATION 1,Food & Drink,Sale,-12.79,
07/14/2022,07/15/2022,BITE DELIGHT DELI GROCERY,Groceries,Sale,-2.08,
07/15/2022,07/15/2022,DOORDASH*MUGHLAI GRILL,Food & Drink,Sale,-20.38,
07/14/2022,07/14/2022,eBay O*09-08861-93922,Shopping,Return,136.09,
07/13/2022,07/14/2022,BITE DELIGHT DELI GROCERY,Groceries,Sale,-4.94,
07/13/2022,07/14/2022,IN *THE PICTURE HOUSE INC,Shopping,Sale,-15.68,
07/14/2022,07/14/2022,eBay O*09-08861-93922,Shopping,Sale,-136.09,
07/13/2022,07/13/2022,Payment Thank You - Web,,Payment,955.34,
07/10/2022,07/12/2022,STAPLES       00153114,Shopping,Sale,-16.84,
07/11/2022,07/11/2022,Too Good To Go Inc.,Food & Drink,Sale,-5.99,
07/09/2022,07/10/2022,AMZN Mktp US,Shopping,Return,13.05,
07/08/2022,07/10/2022,A BAIANA,Groceries,Sale,-4.19,
07/09/2022,07/10/2022,TRADER JOE'S #543  QPS,Groceries,Sale,-83.16,
07/09/2022,07/10/2022,Too Good To Go Inc.,Food & Drink,Sale,-5.99,
07/08/2022,07/10/2022,MULTIMARCA AEROPORTO,Food & Drink,Sale,-8.28,
07/09/2022,07/10/2022,MTA*NYCT PAYGO,Travel,Sale,-2.75,
07/08/2022,07/10/2022,PAVILHAO CHINES,Food & Drink,Sale,-12.27,
07/08/2022,07/10/2022,AZORES DUTY FREE,Shopping,Sale,-2.76,
07/09/2022,07/10/2022,Amazon.com*7A8L394G3,Shopping,Sale,-6.83,
07/08/2022,07/10/2022,MTA*NYCT PAYGO,Travel,Sale,-2.75,
07/08/2022,07/10/2022,SQ *LAVISTA PIZZA,Food & Drink,Sale,-10.35,
07/07/2022,07/08/2022,LISBOA PRACA RESTAURADORE,Shopping,Sale,-10.27,
07/07/2022,07/08/2022,BAR DO FUNDO,Food & Drink,Sale,-30.83,
07/07/2022,07/08/2022,ARRIBAS SINTRA HOTEL,Travel,Sale,-5.57,
07/07/2022,07/08/2022,CP LISBOA ROSSIO,Home,Sale,-5.24,
07/07/2022,07/08/2022,SP 47,Shopping,Sale,-30.80,
07/06/2022,07/07/2022,REST GANDALATA,Food & Drink,Sale,-5.23,
07/06/2022,07/07/2022,BILHETEIRA CASTELO,Shopping,Sale,-26.13,
07/06/2022,07/07/2022,BERTRAND LISBOA,Shopping,Sale,-8.26,
07/05/2022,07/06/2022,BOUTIQUE DO GELADO,Food & Drink,Sale,-7.85,
07/03/2022,07/05/2022,ESTAMBUL KEBAB,Food & Drink,Sale,-5.03,
07/04/2022,07/05/2022,Bota e Bira,Food & Drink,Sale,-252.76,
07/04/2022,07/05/2022,CHURRASQ. A BRASA,Food & Drink,Sale,-68.17,
07/04/2022,07/05/2022,Fabrica.Coffeeroasters,Food & Drink,Sale,-4.82,
07/03/2022,07/04/2022,MULTIMARCA AEROPORTO,Food & Drink,Sale,-5.77,
07/03/2022,07/04/2022,TRANSAVIA   Q7JFPV,Travel,Sale,-104.88,
07/03/2022,07/04/2022,VODAFONE PORTO AEROP,Shopping,Sale,-20.98,
07/03/2022,07/04/2022,CITIBIK*2 RIDES,Travel,Sale,-3.60,
07/03/2022,07/04/2022,TIP,Home,Sale,-2.73,
07/02/2022,07/04/2022,BITE DELIGHT DELI GROCERY,Groceries,Sale,-3.12,
07/02/2022,07/04/2022,BITE DELIGHT DELI GROCERY,Groceries,Sale,-5.98,
07/02/2022,07/04/2022,MTA*METROCARD/AIRTRAIN,Travel,Sale,-21.50,
07/03/2022,07/04/2022,VODAFONE PORTO AEROP,Shopping,Return,20.73,
07/03/2022,07/04/2022,MINIPRECO,Groceries,Sale,-3.77,
07/02/2022,07/03/2022,REDEMPTION CREDIT,Fees & Adjustments,Adjustment,67.47,
07/02/2022,07/03/2022,MTA*NYCT PAYGO,Travel,Sale,-2.75,
07/02/2022,07/03/2022,Payment Thank You - Web,,Payment,1888.65,
07/01/2022,07/03/2022,TST* SWINGERS NYC - CRAZY,Food & Drink,Sale,-18.42,
07/01/2022,07/03/2022,JUICE GENERATION OLO,Food & Drink,Sale,-22.32,
07/01/2022,07/03/2022,TST* SWINGERS NYC - CRAZY,Food & Drink,Sale,-18.42,
07/03/2022,07/03/2022,MANHATTAN PLAZA HEALTH C,Health & Wellness,Sale,-99.00,
07/02/2022,07/03/2022,TARGET.COM  *,Shopping,Sale,-7.39,
06/30/2022,07/03/2022,AMISH MARKET,Groceries,Sale,-7.61,
06/30/2022,07/03/2022,PRINCE ST PIZZA,Food & Drink,Sale,-6.49,
07/01/2022,07/03/2022,AMZN Mktp US*2J7ZW50X3,Shopping,Sale,-13.05,
06/30/2022,07/03/2022,MTA*NYCT PAYGO,Travel,Sale,-2.75,
07/02/2022,07/03/2022,HOPPER,Travel,Sale,-60.19,
06/30/2022,07/03/2022,MTA*NYCT PAYGO,Travel,Sale,-2.75,
06/30/2022,07/01/2022,MULBERRY MARKET #2308,Groceries,Sale,-7.71,
06/29/2022,07/01/2022,MTA*NYCT PAYGO,Travel,Sale,-2.75,
06/30/2022,07/01/2022,MTA*NYCT PAYGO,Travel,Sale,-2.75,
06/29/2022,07/01/2022,MTA*NYCT PAYGO,Travel,Sale,-2.75,
07/01/2022,07/01/2022,DOORDASH*SWEETGREEN,Food & Drink,Sale,-18.17,
06/29/2022,06/30/2022,TRADER JOE'S #539 QPS,Groceries,Sale,-5.46,
06/29/2022,06/30/2022,MTA*NYCT PAYGO,Travel,Sale,-2.75,
06/29/2022,06/30/2022,Tiqets INC,Entertainment,Sale,-66.33,
06/28/2022,06/30/2022,DIGINN LIBERTY STREET,Food & Drink,Sale,-8.56,
06/28/2022,06/30/2022,MTA*NYCT PAYGO,Travel,Sale,-2.75,
06/27/2022,06/29/2022,MTA*NYCT PAYGO,Travel,Sale,-2.75,
06/28/2022,06/29/2022,JOOY TEA SHOPPE,Food & Drink,Sale,-7.89,
06/28/2022,06/29/2022,MTA*NYCT PAYGO,Travel,Sale,-2.75,
06/28/2022,06/29/2022,MTA*NYCT PAYGO,Travel,Sale,-2.75,
06/27/2022,06/29/2022,DIGINN LIBERTY STREET,Food & Drink,Sale,-14.00,
06/27/2022,06/29/2022,MTA*NYCT PAYGO,Travel,Sale,-2.75,
06/27/2022,06/28/2022,BITE DELIGHT DELI GROCERY,Groceries,Sale,-1.56,
06/26/2022,06/28/2022,AMISH MARKET,Groceries,Sale,-7.35,
06/25/2022,06/27/2022,RCMH FOOD &amp; MERCH,Food & Drink,Sale,-21.50,
06/25/2022,06/27/2022,SKYLINE GOURMET DELI INC,Groceries,Sale,-3.95,
06/26/2022,06/27/2022,B&amp;H PHOTO 800-606-6969,Shopping,Sale,-32.61,
06/20/2022,06/27/2022,BAGEL PLACE CAFE,Food & Drink,Sale,-4.62,
06/24/2022,06/27/2022,AMISH MARKET,Groceries,Sale,-1.91,
06/25/2022,06/27/2022,RCMH FOOD &amp; MERCH,Food & Drink,Sale,-13.00,
06/24/2022,06/27/2022,SUSHI ON JONES,Food & Drink,Sale,-49.47,
06/26/2022,06/27/2022,BROOKLYN B* CHELSEA BR,Food & Drink,Sale,-4.26,
06/27/2022,06/27/2022,FANDANGO,Entertainment,Sale,-142.66,
06/26/2022,06/27/2022,CITIBIK*1 RIDE,Travel,Sale,-2.29,
06/25/2022,06/27/2022,RCMH FOOD &amp; MERCH,Food & Drink,Sale,-40.00,
06/25/2022,06/27/2022,KATZS DELICATESSEN,Food & Drink,Sale,-21.63,
06/25/2022,06/27/2022,BITE DELIGHT DELI GROCERY,Groceries,Sale,-17.16,
06/24/2022,06/26/2022,MTA*NYCT PAYGO,Travel,Sale,-2.75,
06/25/2022,06/26/2022,TARGET.COM  *,Shopping,Sale,-25.92,
06/24/2022,06/26/2022,TST* Sogno Toscano,Food & Drink,Sale,-66.62,
06/23/2022,06/26/2022,MTA*NYCT PAYGO,Travel,Sale,-2.75,
06/24/2022,06/26/2022,JUICE GENERATION OLO,Food & Drink,Sale,-22.32,
06/24/2022,06/26/2022,AIRBNB  HM3FMCS5YT,Travel,Sale,-549.39,
06/23/2022,06/26/2022,EL VEZ NY,Food & Drink,Sale,-12.52,
06/25/2022,06/26/2022,Amazon.com*MJ7IM4S43,Shopping,Sale,-20.82,
06/25/2022,06/26/2022,MTA*NYCT PAYGO,Travel,Sale,-2.75,
06/25/2022,06/26/2022,MTA*NYCT PAYGO,Travel,Sale,-2.75,
06/24/2022,06/26/2022,MTA*NYCT PAYGO,Travel,Sale,-2.75,
06/22/2022,06/24/2022,MTA*NYCT PAYGO,Travel,Sale,-2.75,
06/22/2022,06/24/2022,TRILOGY PHOTO,Shopping,Sale,-18.50,
06/23/2022,06/24/2022,MTA*NYCT PAYGO,Travel,Sale,-2.75,
06/24/2022,06/24/2022,Spotify USA,Bills & Utilities,Sale,-9.99,
06/22/2022,06/23/2022,MTA*NYCT PAYGO,Travel,Sale,-2.75,
06/22/2022,06/23/2022,SQ *HEMPED NYC LLC,Shopping,Sale,-130.49,
06/21/2022,06/23/2022,SPIRIT AIRL 4870309948655,Travel,Sale,-275.59,
06/21/2022,06/22/2022,LYFT   *1 RIDE 06-20,Travel,Sale,-17.17,
06/21/2022,06/22/2022,JUICE GENERATION OLO,Food & Drink,Sale,-11.16,
06/21/2022,06/22/2022,ARDESIA,Food & Drink,Sale,-49.37,
06/20/2022,06/22/2022,RINCON 50 WINE TAPAS B,Food & Drink,Sale,-102.02,
06/21/2022,06/21/2022,Payment Thank You - Web,,Payment,2201.53,
06/20/2022,06/21/2022,MTA*NYCT PAYGO,Travel,Sale,-2.75,
06/20/2022,06/21/2022,APPLE.COM/BILL,Entertainment,Sale,-2.99,
06/20/2022,06/21/2022,LYFT   *2 RIDES 06-19,Travel,Sale,-32.19,
06/19/2022,06/20/2022,LYFT   *1 RIDE 06-18,Travel,Sale,-14.45,
06/19/2022,06/20/2022,CITIBIK*2 RIDES,Travel,Sale,-9.14,
06/20/2022,06/20/2022,THE HAMLET,Food & Drink,Sale,-20.69,
06/19/2022,06/20/2022,KING KULLEN #47,Groceries,Sale,-61.50,
06/17/2022,06/19/2022,MTA*LIRR STATION TIX,Travel,Sale,-30.50,
06/19/2022,06/19/2022,THE HAMLET,Food & Drink,Sale,-17.38,
06/17/2022,06/19/2022,MTA*NYCT PAYGO,Travel,Sale,-2.75,
06/18/2022,06/19/2022,LYFT   *1 RIDE 06-17,Travel,Sale,-15.65,
06/17/2022,06/19/2022,TARGET.COM  *,Shopping,Sale,-97.97,
06/15/2022,06/17/2022,HANOVER VENTURES MARKE,Food & Drink,Sale,-5.66,
06/16/2022,06/17/2022,MANHATTAN HARDWARE HOUSEW,Home,Sale,-42.32,
06/16/2022,06/17/2022,DUANE READE #14239,Health & Wellness,Sale,-19.99,
06/14/2022,06/16/2022,MTA*NYCT PAYGO,Travel,Sale,-2.75,
06/13/2022,06/15/2022,SPIRIT AIRL 4870308964681,Travel,Sale,-47.00,
06/14/2022,06/15/2022,MTA*NYCT PAYGO,Travel,Sale,-2.75,
06/14/2022,06/15/2022,DOORDASH*BAREBURGER,Food & Drink,Sale,-76.43,
06/14/2022,06/15/2022,TST* Naya Vesey,Food & Drink,Sale,-13.50,
06/14/2022,06/15/2022,TRADER JOE'S #539 QPS,Groceries,Sale,-61.98,
06/13/2022,06/14/2022,AMZN Mktp US*YP2RT6XN3,Shopping,Sale,-9.74,
06/14/2022,06/14/2022,HOPPER,Travel,Sale,-166.92,
06/13/2022,06/14/2022,TST* Naya Vesey,Food & Drink,Sale,-13.50,
06/13/2022,06/14/2022,MTA*NYCT PAYGO,Travel,Sale,-2.75,
06/11/2022,06/13/2022,BITE DELIGHT DELI GROCERY,Groceries,Sale,-4.16,
06/13/2022,06/13/2022,HOPPER,Shopping,Sale,-67.00,
06/12/2022,06/13/2022,SQ *BOBA GUYS SOHO,Food & Drink,Sale,-7.24,
06/12/2022,06/13/2022,CITIBIK*3 RIDES,Travel,Sale,-4.38,
06/12/2022,06/12/2022,DOORDASH*SUSHIRRITO,Food & Drink,Sale,-20.04,
06/10/2022,06/12/2022,MTA*NYCT PAYGO,Travel,Sale,-2.75,
06/10/2022,06/12/2022,SQ *FRISSON ESPRESSO,Food & Drink,Sale,-6.99,
06/11/2022,06/12/2022,AMZN Mktp US*T62TA2FB3,Shopping,Sale,-6.99,
06/11/2022,06/12/2022,MIDTOWN WEST GOURMET,Groceries,Sale,-7.08,
06/10/2022,06/12/2022,LYFT   *1 RIDE 06-09,Travel,Sale,-22.23,
06/09/2022,06/12/2022,DIGINN LIBERTY STREET,Food & Drink,Sale,-14.00,
06/08/2022,06/10/2022,MTA*NYCT PAYGO,Travel,Sale,-2.75,
06/09/2022,06/10/2022,THE VILLAGE UNDERGROUN,Food & Drink,Sale,-303.48,
06/08/2022,06/10/2022,MTA*NYCT PAYGO,Travel,Sale,-2.75,
06/09/2022,06/10/2022,MTA*NYCT PAYGO,Travel,Sale,-2.75,
06/08/2022,06/09/2022,TRADER JOE'S #539 QPS,Groceries,Sale,-105.59,
06/08/2022,06/09/2022,ARAMARK GS 200 WEST COFFE,Food & Drink,Sale,-3.09,
06/08/2022,06/09/2022,MTA*NYCT PAYGO,Travel,Sale,-2.75,
06/08/2022,06/09/2022,Amazon.com*FV8PX7KH3,Shopping,Sale,-9.79,
06/07/2022,06/09/2022,MTA*NYCT PAYGO,Travel,Sale,-2.75,
06/09/2022,06/09/2022,NUM PANG WFC,Food & Drink,Sale,-13.07,
06/07/2022,06/08/2022,EL VEZ NY,Food & Drink,Sale,-13.02,
06/06/2022,06/08/2022,MTA*NYCT PAYGO,Travel,Sale,-2.75,
06/07/2022,06/08/2022,MTA*NYCT PAYGO,Travel,Sale,-2.75,
06/06/2022,06/07/2022,LYFT   *1 RIDE 06-05,Travel,Sale,-25.08,
06/06/2022,06/07/2022,BITE DELIGHT DELI GROCERY,Groceries,Sale,-4.94,
06/05/2022,06/07/2022,BROADWAY FASHION,Shopping,Sale,-18.00,
06/06/2022,06/06/2022,REDEMPTION CREDIT,Fees & Adjustments,Adjustment,135.34,
06/06/2022,06/06/2022,Payment Thank You - Web,,Payment,2527.40,
06/05/2022,06/06/2022,BITE DELIGHT DELI GROCERY,Groceries,Sale,-3.11,
06/04/2022,06/06/2022,YANKEE STDM CONCESSIONS,Food & Drink,Sale,-10.11,
06/04/2022,06/06/2022,YANKEE STDM MERCHANDISE,Shopping,Sale,-29.99,
06/03/2022,06/06/2022,SKYLINE GOURMET DELI INC,Groceries,Sale,-3.95,
06/05/2022,06/06/2022,CITIBIK*4 RIDES,Travel,Sale,-12.74,
06/05/2022,06/06/2022,LYFT   *1 RIDE 06-04,Travel,Sale,-20.60,
06/02/2022,06/05/2022,MTA*NYCT PAYGO,Travel,Sale,-2.75,
06/04/2022,06/05/2022,MTA*NYCT PAYGO,Travel,Sale,-2.75,
06/04/2022,06/05/2022,JUICE GENERATION OLO,Food & Drink,Sale,-11.38,
06/04/2022,06/05/2022,MTA*NYCT PAYGO,Travel,Sale,-2.75,
06/03/2022,06/05/2022,MTA*NYCT PAYGO,Travel,Sale,-2.75,
06/02/2022,06/03/2022,USPS KIOSK 3596559552,Shopping,Sale,-2.32,
06/01/2022,06/03/2022,MTA*NYCT PAYGO,Travel,Sale,-2.75,
06/01/2022,06/03/2022,MTA*NYCT PAYGO,Travel,Sale,-2.75,
06/01/2022,06/02/2022,EL VEZ NY,Food & Drink,Sale,-14.70,
06/01/2022,06/02/2022,MTA*NYCT PAYGO,Travel,Sale,-2.75,
05/29/2022,06/02/2022,HOT ZUSHI,Food & Drink,Sale,-37.49,
05/31/2022,06/01/2022,MTA*NYCT PAYGO,Travel,Sale,-2.75,
05/30/2022,06/01/2022,AMISH MARKET,Groceries,Sale,-12.97,
06/01/2022,06/01/2022,MANHATTAN PLAZA HEALTH C,Health & Wellness,Sale,-39.00,
05/31/2022,06/01/2022,Amazon.com*1X6AA0JG0,Shopping,Sale,-8.10,
05/31/2022,06/01/2022,BITE DELIGHT DELI GROCERY,Groceries,Sale,-8.31,
05/31/2022,06/01/2022,Schweiger Dermatology,Health & Wellness,Sale,-60.00,
05/30/2022,05/31/2022,MTA*NYCT PAYGO,Travel,Sale,-2.75,
05/30/2022,05/31/2022,TRADER JOE'S #539 QPS,Groceries,Sale,-103.91,
05/30/2022,05/31/2022,MTA*NYCT PAYGO,Travel,Sale,-2.75,
05/30/2022,05/31/2022,JUICE GENERATION OLO,Food & Drink,Sale,-11.16,
05/28/2022,05/30/2022,MAVERICKS SURF COMPANY,Shopping,Sale,-10.40,
05/29/2022,05/30/2022,SUNSETNEWSST2620,Shopping,Sale,-3.29,
05/28/2022,05/30/2022,BOOKS &amp; BOOKSHELVES,Home,Sale,-5.43,
05/29/2022,05/30/2022,LYFT   *1 RIDE 05-27,Travel,Sale,-69.41,
05/29/2022,05/30/2022,BART-CLIPPER ORINDA,Travel,Sale,-10.85,
05/26/2022,05/29/2022,TST* Sliver Pizzeria - Sh,Food & Drink,Sale,-29.56,
05/28/2022,05/29/2022,SQ *HERE COMES THE SUN CO,Groceries,Sale,-9.00,
05/26/2022,05/27/2022,REFORMATION,Shopping,Return,217.31,
05/24/2022,05/25/2022,TST* EQUATOR COFFEES &amp; TE,Food & Drink,Sale,-5.25,
05/24/2022,05/25/2022,SQ *CAFE REVEILLE,Food & Drink,Sale,-4.89,
05/23/2022,05/25/2022,BREAKERS CAFE,Food & Drink,Sale,-9.68,
05/24/2022,05/25/2022,TST* SUNLIFE ORGANICS - M,Food & Drink,Sale,-30.69,
05/24/2022,05/25/2022,TST* FOREIGN CINEMA RESTA,Food & Drink,Sale,-163.14,
05/24/2022,05/24/2022,SQ *SALT &amp; STRAW ICE CREA,Food & Drink,Sale,-5.75,
05/24/2022,05/24/2022,Spotify USA,Bills & Utilities,Sale,-9.99,
05/22/2022,05/23/2022,CITIBIK*3 RIDES,Travel,Sale,-5.87,
05/21/2022,05/23/2022,SPEEDWAY 5133,Gas,Sale,-99.51,
05/22/2022,05/23/2022,TOCK AT*CHANDON,Food & Drink,Return,125.75,
05/21/2022,05/23/2022,NOB HILL  #623,Groceries,Sale,-9.79,
05/22/2022,05/23/2022,TST* FARMSTEAD AT LONG ME,Food & Drink,Sale,-23.54,
05/20/2022,05/22/2022,APPLE.COM/BILL,Entertainment,Sale,-2.99,
05/21/2022,05/22/2022,MARY'S PIZZA SHACK 12,Shopping,Sale,-89.90,
05/20/2022,05/22/2022,BITE DELIGHT DELI GROCERY,Groceries,Sale,-4.68,
05/20/2022,05/22/2022,STUBHUB  INC.,Entertainment,Sale,-18.49,
05/20/2022,05/22/2022,AEROMART ST1296,Groceries,Sale,-5.98,
05/20/2022,05/22/2022,HUDSON-DUNKIN ST1299,Groceries,Sale,-5.11,
05/20/2022,05/22/2022,HALL ST HELENA,Food & Drink,Sale,-249.98,
05/20/2022,05/22/2022,AMERICAN AIR0012604896432,Travel,Sale,-80.00,
05/20/2022,05/22/2022,MTA*METROCARD/AIRTRAIN,Travel,Sale,-16.00,
05/20/2022,05/22/2022,GROUND CENTRAL COFFEE 4,Food & Drink,Sale,-6.64,
05/21/2022,05/22/2022,AMZN Mktp US*1R0DI6CK2,Shopping,Sale,-10.96,
05/19/2022,05/20/2022,SQ *GRUMD BARBER SHOP,Personal,Sale,-45.73,
05/19/2022,05/20/2022,AIRBNB  HM3FMCS5YT,Travel,Sale,-549.39,
05/19/2022,05/20/2022,BITE DELIGHT DELI GROCERY,Groceries,Sale,-4.68,
05/18/2022,05/19/2022,MTA*NYCT PAYGO,Travel,Sale,-2.75,
05/18/2022,05/19/2022,GRUBHUBROYALSIAM,Food & Drink,Sale,-10.88,
05/17/2022,05/18/2022,MTA*NYCT PAYGO,Travel,Sale,-2.75,
05/16/2022,05/18/2022,DIGINN LIBERTY STREET,Food & Drink,Sale,-14.00,
05/15/2022,05/17/2022,TORIBRO RAMEN,Food & Drink,Sale,-73.46,
05/16/2022,05/17/2022,AMZN Mktp US*1L80741F2,Shopping,Sale,-6.56,
05/16/2022,05/17/2022,MTA*NYCT PAYGO,Travel,Sale,-2.75,
05/14/2022,05/16/2022,TOCK AT*CHANDON,Food & Drink,Sale,-203.72,
05/16/2022,05/16/2022,Amazon.com*1R9OU6PR1,Shopping,Sale,-18.99,
05/15/2022,05/16/2022,MTA*NYCT PAYGO,Travel,Sale,-2.75,
05/14/2022,05/16/2022,NIAGARA LOVERS AND CABI,Food & Drink,Sale,-16.99,
05/15/2022,05/16/2022,BITE DELIGHT DELI GROCERY,Groceries,Sale,-3.64,
05/15/2022,05/16/2022,Etsy.com - ellesh71,Shopping,Sale,-30.22,
05/14/2022,05/16/2022,MTA*NYCT PAYGO,Travel,Sale,-2.75,
05/15/2022,05/16/2022,GROUND CENTRAL COFFEE 4,Food & Drink,Sale,-4.90,
05/15/2022,05/16/2022,CL *Chase Travel,Travel,Sale,-388.07,
05/14/2022,05/16/2022,BREAKWATER SURF CO ARVERN,Shopping,Sale,-25.00,
05/14/2022,05/15/2022,MTA*NYCT PAYGO,Travel,Sale,-2.75,
05/14/2022,05/15/2022,KEY FOOD 1674,Groceries,Sale,-7.08,
05/13/2022,05/15/2022,TAP AIRLINE 0470002816697,Travel,Sale,-8.34,
05/12/2022,05/15/2022,STARBUCKS STORE 47020,Food & Drink,Sale,-5.72,
05/14/2022,05/15/2022,SQ *BOBA GUYS SOHO,Food & Drink,Sale,-8.33,
05/12/2022,05/15/2022,OMNYPYG*,Travel,Sale,-2.75,
05/14/2022,05/15/2022,TRADER JOE'S #539 QPS,Groceries,Sale,-34.99,
05/13/2022,05/15/2022,CVS/PHARMACY #10235,Health & Wellness,Sale,-3.04,
05/14/2022,05/15/2022,CL *Chase Travel,Travel,Sale,-371.66,
05/13/2022,05/15/2022,OMNYPYG*,Travel,Sale,-2.75,
05/14/2022,05/15/2022,CL *Chase Travel,Travel,Sale,-56.70,
05/11/2022,05/13/2022,OMNYPYG*,Travel,Sale,-2.75,
05/12/2022,05/13/2022,BITE DELIGHT DELI GROCERY,Groceries,Sale,-2.86,
05/12/2022,05/13/2022,REFORMATION,Shopping,Sale,-217.31,
05/11/2022,05/12/2022,EL VEZ NY,Food & Drink,Sale,-12.52,
05/11/2022,05/12/2022,GRUBHUBKUMOSUSHI,Food & Drink,Sale,-2.31,
05/10/2022,05/11/2022,CHIPOTLE 1879,Food & Drink,Sale,-12.14,
05/10/2022,05/11/2022,MTA*NYCT PAYGO,Travel,Sale,-2.75,
05/09/2022,05/10/2022,DUANE READE #14239,Health & Wellness,Sale,-14.46,
05/08/2022,05/10/2022,BOMBAY GRILL HOUSE,Food & Drink,Sale,-103.80,
05/07/2022,05/09/2022,BROOKLYN BOWL,Food & Drink,Sale,-32.00,
05/09/2022,05/09/2022,Payment Thank You-Mobile,,Payment,2346.67,
05/09/2022,05/09/2022,IKEA 412207535,Home,Sale,-12.56,
05/07/2022,05/09/2022,MTA*NYCT PAYGO,Travel,Sale,-2.75,
05/08/2022,05/09/2022,DUANE READE #14239,Health & Wellness,Sale,-4.34,
05/09/2022,05/09/2022,TCKTWEB*GRATEFULSHRED,Entertainment,Sale,-39.33,
05/09/2022,05/09/2022,TST* GREGORYS COFFEE - GC,Food & Drink,Sale,-3.76,
05/05/2022,05/08/2022,MTA*NYCT PAYGO,Travel,Sale,-2.75,
05/06/2022,05/08/2022,TRADER JOE'S #539 QPS,Groceries,Sale,-8.69,
05/07/2022,05/08/2022,OMNYPYG*,Travel,Sale,-2.75,
05/06/2022,05/08/2022,OMNYPYG*,Travel,Sale,-2.75,
05/07/2022,05/08/2022,REFORMATION,Shopping,Sale,-217.31,
05/06/2022,05/08/2022,MTA*NYCT PAYGO,Travel,Sale,-2.75,
05/07/2022,05/08/2022,OMNYPYG*,Travel,Sale,-2.75,
05/06/2022,05/08/2022,SQ *787 COFFEE ROASTERS,Food & Drink,Sale,-5.12,
05/07/2022,05/08/2022,OMNYPYG*,Travel,Sale,-2.75,
05/08/2022,05/08/2022,SQ *GRATEFUL SHRED,Shopping,Sale,-40.00,
05/07/2022,05/08/2022,MTA*NYCT PAYGO,Travel,Sale,-2.75,
05/05/2022,05/06/2022,GRUBHUBKUMOSUSHI,Food & Drink,Sale,-2.56,
05/05/2022,05/06/2022,SQ *TARTINERY SHACK,Food & Drink,Sale,-28.13,
05/05/2022,05/06/2022,MTA*NYCT PAYGO,Travel,Sale,-2.75,
05/04/2022,05/06/2022,MTA*NYCT PAYGO,Travel,Sale,-2.75,
05/04/2022,05/05/2022,TRADER JOE'S #539 QPS,Groceries,Sale,-60.05,
05/04/2022,05/05/2022,BITE DELIGHT DELI GROCERY,Groceries,Sale,-3.64,
05/02/2022,05/04/2022,MTA*NYCT PAYGO,Travel,Sale,-2.75,
05/02/2022,05/03/2022,MTA*NYCT PAYGO,Travel,Sale,-2.75,
05/02/2022,05/03/2022,ARAMARK GS 200 WEST 3RD F,Food & Drink,Sale,-3.59,
05/02/2022,05/02/2022,Offer:Chipotle Mexican,Fees & Adjustments,Adjustment,1.24,
05/01/2022,05/02/2022,MTA*NYCT PAYGO,Travel,Sale,-6.75,
05/01/2022,05/02/2022,MTA*NYCT PAYGO,Travel,Sale,-2.75,
05/01/2022,05/02/2022,MTA*NYCT PAYGO,Travel,Sale,-2.75,
05/01/2022,05/02/2022,MOMENTEA GROUP INC,Food & Drink,Sale,-8.11,
05/01/2022,05/02/2022,MTA*NYCT PAYGO,Travel,Sale,-2.75,
04/29/2022,05/02/2022,BITE DELIGHT DELI GROCERY,Groceries,Sale,-4.68,
05/01/2022,05/02/2022,UBER   TRIP,Travel,Sale,-14.90,
04/29/2022,05/01/2022,USPS KIOSK 3596559551,Shopping,Sale,-3.76,
04/30/2022,05/01/2022,TOCK AT*CHANDON,Food & Drink,Sale,-266.59,
04/28/2022,05/01/2022,MONK MCGINNS,Food & Drink,Sale,-37.93,
04/28/2022,04/29/2022,MTA*NYCT PAYGO,Travel,Sale,-2.75,
04/27/2022,04/29/2022,MTA*NYCT PAYGO,Travel,Sale,-2.75,
04/27/2022,04/28/2022,MTA*NYCT PAYGO,Travel,Sale,-2.75,
04/25/2022,04/27/2022,AMISH MARKET,Groceries,Sale,-8.46,
04/26/2022,04/27/2022,CHIPOTLE 1631,Food & Drink,Sale,-12.36,
04/24/2022,04/26/2022,DELTA AIR   Baggage Fee,Travel,Sale,-30.00,
04/25/2022,04/26/2022,GENTLEMENS RESALE,Shopping,Sale,-35.05,
04/25/2022,04/26/2022,UBER   TRIP,Travel,Sale,-35.59,
04/24/2022,04/26/2022,XING FU TANG,Food & Drink,Sale,-7.00,
04/24/2022,04/26/2022,SZECHUAN MOUNTAIN HOUSE.,Food & Drink,Sale,-137.18,
04/23/2022,04/25/2022,DIM SUM PALACE,Food & Drink,Sale,-50.48,
04/24/2022,04/25/2022,B&amp;H PHOTO STORE,Shopping,Sale,-23.06,
04/23/2022,04/25/2022,PISELLINO,Food & Drink,Sale,-76.41,
04/24/2022,04/25/2022,SQ *AFFICIONADO COFFEE RO,Food & Drink,Sale,-9.80,
04/23/2022,04/25/2022,MTA*NYCT PAYGO,Travel,Sale,-2.75,
04/24/2022,04/25/2022,TRADER JOE'S #539 QPS,Groceries,Sale,-79.85,
04/24/2022,04/25/2022,SP ONLINE CERAMICS T,Shopping,Sale,-130.00,
04/24/2022,04/24/2022,Spotify USA,Bills & Utilities,Sale,-9.99,
04/23/2022,04/24/2022,MTA*NYCT PAYGO,Travel,Sale,-2.75,
04/22/2022,04/24/2022,PRINCE ST PIZZA,Food & Drink,Sale,-6.21,
04/23/2022,04/24/2022,TRADER JOE'S #539 QPS,Groceries,Sale,-5.98,
04/23/2022,04/24/2022,MTA*NYCT PAYGO,Travel,Sale,-2.75,
04/22/2022,04/24/2022,D J*WALL-ST-JOURNAL,Bills & Utilities,Sale,-9.99,
04/21/2022,04/24/2022,AMISH MARKET,Groceries,Sale,-9.15,
04/21/2022,04/24/2022,MTA*NYCT PAYGO,Travel,Sale,-2.75,
04/23/2022,04/24/2022,JOOY TEA SHOPPE,Food & Drink,Sale,-14.43,
04/22/2022,04/24/2022,MTA*NYCT PAYGO,Travel,Sale,-2.75,
04/22/2022,04/24/2022,DUANE READE #14247,Health & Wellness,Sale,-2.71,
04/21/2022,04/24/2022,MTA*NYCT PAYGO,Travel,Sale,-2.75,
04/21/2022,04/24/2022,MTA*NYCT PAYGO,Travel,Sale,-2.75,
04/21/2022,04/22/2022,DUANE READE #14239,Health & Wellness,Sale,-5.99,
04/20/2022,04/22/2022,AMISH MARKET,Groceries,Sale,-2.45,
04/21/2022,04/21/2022,APPLE.COM/BILL,Entertainment,Sale,-2.99,
04/20/2022,04/21/2022,SQ *GRACE STREET,Food & Drink,Sale,-16.80,
04/19/2022,04/21/2022,MTA*NYCT PAYGO,Travel,Sale,-2.75,
04/20/2022,04/21/2022,BITE DELIGHT DELI GROCERY,Groceries,Sale,-4.16,
04/20/2022,04/21/2022,MTA*NYCT PAYGO,Travel,Sale,-2.75,
04/18/2022,04/20/2022,BITE DELIGHT DELI GROCERY,Groceries,Sale,-3.64,
04/19/2022,04/20/2022,DUANE READE #14468,Health & Wellness,Sale,-5.42,
04/19/2022,04/20/2022,MTA*NYCT PAYGO,Travel,Sale,-2.75,
04/19/2022,04/20/2022,OMNYPYG*,Travel,Sale,-2.75,
04/20/2022,04/20/2022,QUEST DIAGNOSTICS,Health & Wellness,Sale,-5.91,
04/18/2022,04/20/2022,MTA*NYCT PAYGO,Travel,Sale,-2.75,
04/18/2022,04/19/2022,MTA*NYCT PAYGO,Travel,Sale,-2.75,
04/17/2022,04/18/2022,MTA*NYCT PAYGO,Travel,Sale,-2.75,
04/17/2022,04/18/2022,MTA*NYCT PAYGO,Travel,Sale,-2.75,
04/16/2022,04/18/2022,LE BERNARDIN,Food & Drink,Sale,-595.38,
04/17/2022,04/18/2022,MTA*NYCT PAYGO,Travel,Sale,-2.75,
04/17/2022,04/18/2022,MTA*NYCT PAYGO,Travel,Sale,-2.75,
04/17/2022,04/17/2022,TST* Mickey Spillanes,Food & Drink,Sale,-58.00,
04/10/2022,04/10/2022,LYFT   *1 RIDE 04-08,Travel,Sale,-48.34,
04/07/2022,04/10/2022,SAMMY'S BEACH B&amp;G OGG,Food & Drink,Sale,-4.01,
04/07/2022,04/08/2022,SQ *ALOHA NEWS STAND,Groceries,Sale,-3.95,
04/06/2022,04/08/2022,TIMES SUPER MARKET #24,Groceries,Sale,-16.66,
04/04/2022,04/06/2022,95847 - WHALERS VILLAGE,Travel,Sale,-18.00,
04/04/2022,04/06/2022,WHALERS GENERAL STORE #13,Groceries,Sale,-12.57,
03/31/2022,04/03/2022,TST* Farleys Cafe - SFO,Food & Drink,Sale,-5.00,
04/01/2022,04/03/2022,95847 - WHALERS VILLAGE,Travel,Sale,-15.00,
04/01/2022,04/03/2022,95847 - WHALERS VILLAGE,Travel,Sale,-9.00,
03/29/2022,03/30/2022,SQ *BOBA GUYS NOPA,Food & Drink,Sale,-13.65,
03/28/2022,03/29/2022,SQ *CAFE REVEILLE,Food & Drink,Sale,-11.32,
03/25/2022,03/28/2022,SHARETEA ORINDA,Food & Drink,Sale,-11.67,
03/27/2022,03/28/2022,KHAN TOKE THAI HOUSE,Food & Drink,Sale,-79.22,
03/27/2022,03/28/2022,TST* LOCAL KITCHEN V2,Food & Drink,Sale,-102.78,
03/26/2022,03/27/2022,CHEVRON 0097407,Gas,Sale,-17.70,
03/25/2022,03/27/2022,TRADER JOE'S #115  QPS,Groceries,Sale,-72.63,
03/24/2022,03/24/2022,Spotify USA,Bills & Utilities,Sale,-9.99,
03/23/2022,03/24/2022,SQ *CAFE REVEILLE,Food & Drink,Sale,-10.54,
03/23/2022,03/23/2022,SoulCycle Inc.,Health & Wellness,Sale,-3.00,
03/22/2022,03/23/2022,D J*WALL-ST-JOURNAL,Bills & Utilities,Sale,-9.99,
03/22/2022,03/22/2022,AMZN Mktp US*1N6YO9YG1,Shopping,Sale,-173.77,
03/21/2022,03/22/2022,MAYFLOWER MARKET,Groceries,Sale,-5.49,
03/21/2022,03/22/2022,SoulCycle Inc.,Health & Wellness,Sale,-25.00,
03/22/2022,03/22/2022,LYFT   *1 RIDE 03-20,Travel,Sale,-13.32,
03/21/2022,03/21/2022,Payment Thank You - Web,,Payment,1880.71,
03/21/2022,03/21/2022,REDEMPTION CREDIT,Fees & Adjustments,Adjustment,557.14,
03/20/2022,03/21/2022,APPLE.COM/BILL,Entertainment,Sale,-2.99,
03/20/2022,03/21/2022,REVEL* RIDE,Travel,Sale,-9.71,
03/18/2022,03/20/2022,SAFEWAY #0967,Groceries,Sale,-10.46,
03/19/2022,03/20/2022,SQ *CHASE CENTER,Food & Drink,Sale,-30.75,
03/18/2022,03/20/2022,BART-CLIPPER ORINDA,Travel,Sale,-4.90,
03/18/2022,03/20/2022,CLIPPER SERVICE #3105,Travel,Sale,-3.00,
03/17/2022,03/20/2022,SAFEWAY #0969,Groceries,Sale,-9.99,
03/17/2022,03/18/2022,TICKET PICKERS,Entertainment,Sale,-0.01,
03/15/2022,03/17/2022,ALASKA AIR  0272131792630,Travel,Sale,-27.10,
03/16/2022,03/17/2022,BART-CLIPPER SFIA,Travel,Sale,-13.85,
03/15/2022,03/16/2022,MERPAGO*ELPESCADORPOK,Shopping,Sale,-73.41,
03/12/2022,03/14/2022,MTA*METROCARD/AIRTRAIN,Travel,Sale,-8.00,
03/12/2022,03/14/2022,SUPER KIOSKO SAYULITA,Groceries,Sale,-1.34,
03/12/2022,03/13/2022,MTA*NYCT PAYGO,Travel,Sale,-2.75,
03/12/2022,03/13/2022,MTA*NYCT PAYGO,Travel,Sale,-2.75,
03/12/2022,03/13/2022,SELINA SAYULITA,Travel,Sale,-218.64,
03/11/2022,03/13/2022,REVEL* TIP,Travel,Sale,-6.76,
03/11/2022,03/13/2022,BITE DELIGHT DELI GROCERY,Groceries,Sale,-9.88,
03/11/2022,03/13/2022,REVEL* CAR,Travel,Sale,-45.09,
03/11/2022,03/13/2022,MTA*NYCT PAYGO,Travel,Sale,-2.75,
03/11/2022,03/13/2022,MTA*NYCT PAYGO,Travel,Sale,-2.75,
03/11/2022,03/13/2022,MTA*NYCT PAYGO,Travel,Sale,-2.75,
03/11/2022,03/13/2022,SQ *LINDUSTRIE,Food & Drink,Sale,-7.00,
03/11/2022,03/13/2022,1 PIZZA SLICE,Food & Drink,Sale,-1.13,
03/10/2022,03/11/2022,ARAMARK GS 200 WEST COFFE,Food & Drink,Sale,-5.06,
03/10/2022,03/11/2022,MTA*NYCT PAYGO,Travel,Sale,-2.75,
03/10/2022,03/11/2022,LEAF REMEDYS,Shopping,Sale,-37.96,
03/11/2022,03/11/2022,LYFT   *1 RIDE 03-09,Travel,Sale,-44.31,
03/10/2022,03/11/2022,MTA*NYCT PAYGO,Travel,Sale,-2.75,
03/10/2022,03/11/2022,OMNYPYG*,Travel,Sale,-2.75,
03/08/2022,03/10/2022,JUICE GENERATION 1,Food & Drink,Sale,-11.92,
03/08/2022,03/10/2022,MTA*NYCT PAYGO,Travel,Sale,-2.75,
03/09/2022,03/10/2022,SQ *HEMPED NYC LLC,Shopping,Sale,-54.38,
03/08/2022,03/09/2022,HUMMUS KITCHEN,Food & Drink,Sale,-22.69,
03/09/2022,03/09/2022,LYFT   *1 RIDE 03-07,Travel,Sale,-49.85,
03/07/2022,03/08/2022,TST* ANEJO - HELL S KITCH,Food & Drink,Sale,-189.03,
03/08/2022,03/08/2022,LYFT   *1 RIDE 03-06,Travel,Sale,-28.94,
03/07/2022,03/08/2022,MTA*NYCT PAYGO,Travel,Sale,-2.75,
03/06/2022,03/07/2022,BITE DELIGHT DELI GROCERY,Groceries,Sale,-6.24,
03/06/2022,03/07/2022,MTA*NYCT PAYGO,Travel,Sale,-2.75,
03/06/2022,03/07/2022,MTA*NYCT PAYGO,Travel,Sale,-2.75,
03/06/2022,03/07/2022,TOMPKINS SQUARE BAR,Food & Drink,Sale,-15.69,
03/05/2022,03/07/2022,BITE DELIGHT DELI GROCERY,Groceries,Sale,-7.80,
03/05/2022,03/07/2022,GENTLEMENS RESALE,Shopping,Sale,-72.50,
03/06/2022,03/07/2022,APPETITO DELI GROCERY,Groceries,Sale,-2.08,
03/04/2022,03/06/2022,MTA*NYCT PAYGO,Travel,Sale,-2.75,
03/04/2022,03/06/2022,REVEL* CAR,Travel,Sale,-26.84,
03/05/2022,03/06/2022,MTA*NYCT PAYGO,Travel,Sale,-2.75,
03/06/2022,03/06/2022,LYFT   *CANCEL FEE,Travel,Sale,-6.03,
03/05/2022,03/06/2022,TST* ANTICO VINAIO,Food & Drink,Sale,-17.34,
03/04/2022,03/06/2022,REVEL* TIP,Travel,Sale,-20.00,
03/04/2022,03/04/2022,Payment Thank You-Mobile,,Payment,1456.11,
03/04/2022,03/04/2022,LYFT   *1 RIDE 03-02,Travel,Sale,-49.70,
03/04/2022,03/04/2022,REVEL* CAR,Travel,Sale,-29.52,
03/03/2022,03/04/2022,MTA*NYCT PAYGO,Travel,Sale,-2.75,
03/04/2022,03/04/2022,REVEL* TIP,Travel,Sale,-20.00,
03/02/2022,03/03/2022,Amazon.com*1W3B82JD0,Shopping,Sale,-29.48,
03/01/2022,03/02/2022,REVEL* TIP,Travel,Sale,-20.00,
03/01/2022,03/02/2022,REVEL* CAR,Travel,Sale,-27.67,
03/01/2022,03/02/2022,JOOY TEA SHOPPE,Food & Drink,Sale,-9.81,
03/01/2022,03/01/2022,REVEL* CAR,Travel,Sale,-25.21,
02/27/2022,03/01/2022,JUICE GENERATION 6,Food & Drink,Sale,-10.83,
02/27/2022,03/01/2022,AMISH MARKET,Groceries,Sale,-2.99,
03/01/2022,03/01/2022,REVEL* TIP,Travel,Sale,-20.00,
02/27/2022,02/28/2022,BITE DELIGHT DELI GROCERY,Groceries,Sale,-4.68,
02/26/2022,02/28/2022,GENTLEMENS RESALE,Shopping,Sale,-70.50,
02/26/2022,02/28/2022,THE VILLAGE UNDERGROUN,Food & Drink,Sale,-274.82,
02/27/2022,02/28/2022,AMZN Mktp US,Shopping,Return,11.97,
02/26/2022,02/27/2022,GROUND CENTRAL COFFEE 4,Food & Drink,Sale,-5.58,
02/26/2022,02/27/2022,GOBI CASHMERE USA,Shopping,Sale,-30.25,
02/26/2022,02/27/2022,HUMMUS KITCHEN,Food & Drink,Sale,-8.71,
02/24/2022,02/25/2022,REVEL* CAR,Travel,Sale,-29.10,
02/24/2022,02/25/2022,REVEL* TIP,Travel,Sale,-20.00,
02/24/2022,02/24/2022,Spotify USA,Bills & Utilities,Sale,-9.99,
02/23/2022,02/24/2022,BITE DELIGHT DELI GROCERY,Groceries,Sale,-6.24,
02/23/2022,02/23/2022,LYFT   *1 RIDE 02-21,Travel,Sale,-9.27,
02/22/2022,02/23/2022,D J*WALL-ST-JOURNAL,Bills & Utilities,Sale,-9.99,
02/22/2022,02/23/2022,JOOY TEA SHOPPE,Food & Drink,Sale,-9.88,
02/21/2022,02/23/2022,PUTNEY GENERAL STORE,Groceries,Sale,-15.27,
02/21/2022,02/22/2022,BC STOWE MAIN,Food & Drink,Sale,-7.90,
02/20/2022,02/22/2022,STOWE F&amp;B,Food & Drink,Sale,-4.95,
02/20/2022,02/22/2022,ALPINE MART,Gas,Sale,-9.22,
02/19/2022,02/21/2022,STOWE F&amp;B,Food & Drink,Sale,-18.70,
02/20/2022,02/21/2022,APPLE.COM/BILL,Entertainment,Sale,-2.99,
02/19/2022,02/21/2022,STOWE F&amp;B,Food & Drink,Sale,-9.94,
02/19/2022,02/21/2022,STOWE F&amp;B,Food & Drink,Sale,-9.90,
02/18/2022,02/20/2022,SUNOCO 0267741700,Gas,Sale,-1.69,
02/19/2022,02/20/2022,LYFT   *1 RIDE 02-17,Travel,Sale,-44.93,
02/18/2022,02/20/2022,REVEL* CAR,Travel,Sale,-29.08,
02/19/2022,02/20/2022,AJS SKI AND SPORTS,Entertainment,Sale,-114.48,
02/19/2022,02/20/2022,TST* THE SKINNY PANCAKE -,Food & Drink,Sale,-21.66,
02/18/2022,02/20/2022,REVEL* TIP,Travel,Sale,-7.27,
02/18/2022,02/18/2022,LYFT   *1 RIDE 02-16,Travel,Sale,-49.16,
02/15/2022,02/16/2022,AMZN Mktp US*5J82V52Y3,Shopping,Sale,-32.99,
02/12/2022,02/14/2022,WAVERLY RESTAURANT,Food & Drink,Sale,-158.83,
02/13/2022,02/14/2022,SQ *GRIND,Food & Drink,Sale,-10.95,
02/14/2022,02/14/2022,LYFT   *1 RIDE 02-12,Travel,Sale,-18.51,
02/10/2022,02/13/2022,TST* Prince Street Pizza,Food & Drink,Sale,-19.23,
02/11/2022,02/13/2022,SQ *ART HEARTS FASHION,Personal,Sale,-130.00,
02/13/2022,02/13/2022,LYFT   *1 RIDE 02-11,Travel,Sale,-48.68,
02/10/2022,02/13/2022,MTA*NYCT PAYGO,Travel,Sale,-2.75,
02/11/2022,02/13/2022,AMTRAK .COM 0420648530111,Travel,Sale,-37.00,
02/11/2022,02/11/2022,Offer:doordash,Fees & Adjustments,Adjustment,2.34,
02/11/2022,02/11/2022,AMZN Mktp US*8F95G59Q3,Shopping,Sale,-43.53,
02/11/2022,02/11/2022,REVEL* CAR,Travel,Sale,-21.39,
02/11/2022,02/11/2022,REVEL* TIP,Travel,Sale,-28.00,
02/09/2022,02/10/2022,REVEL* TIP,Travel,Sale,-21.00,
02/08/2022,02/10/2022,AMISH MARKET,Groceries,Sale,-7.49,
02/09/2022,02/10/2022,Amazon.com*NW4BJ2HZ3,Shopping,Sale,-40.47,
02/09/2022,02/10/2022,REVEL* CAR,Travel,Sale,-28.17,
02/07/2022,02/09/2022,CAFETERIA VERDE LUZ,Food & Drink,Sale,-11.08,
02/07/2022,02/09/2022,LEAF REMEDYS,Shopping,Sale,-37.96,
02/08/2022,02/09/2022,BITE DELIGHT DELI GROCERY,Groceries,Sale,-6.24,
02/07/2022,02/08/2022,DOORDASH*POKEWORKS,Food & Drink,Sale,-23.35,
02/06/2022,02/08/2022,LA FRONTERA,Food & Drink,Sale,-137.01,
02/06/2022,02/08/2022,CARRIBEAN TRADING CO,Shopping,Sale,-44.03,
02/07/2022,02/08/2022,TRADER JOE'S #539 QPS,Groceries,Sale,-134.03,
02/06/2022,02/08/2022,MAR AZUL SURF SHOP,Shopping,Sale,-88.09,
02/06/2022,02/08/2022,THE FROZEN SPOON,Food & Drink,Sale,-4.91,
02/07/2022,02/08/2022,BITE DELIGHT DELI GROCERY,Groceries,Sale,-2.86,
02/07/2022,02/07/2022,Payment Thank You-Mobile,,Payment,679.89,
02/03/2022,02/06/2022,FTL CNBC SMARTSHOP,Shopping,Sale,-7.94,
02/03/2022,02/06/2022,ALASKA AIR  0272127474335,Travel,Sale,-121.59,
02/03/2022,02/06/2022,EWR AIRP PANDA EXPRESS B7,Food & Drink,Sale,-12.04,
02/04/2022,02/06/2022,EL DESVIO CONVENIENC,Groceries,Sale,-8.75,
02/03/2022,02/04/2022,BITE DELIGHT DELI GROCERY,Groceries,Sale,-2.08,
02/03/2022,02/04/2022,BITE DELIGHT DELI GROCERY,Groceries,Sale,-6.76,
02/04/2022,02/04/2022,LYFT   *1 RIDE 02-02,Travel,Sale,-49.22,
02/03/2022,02/04/2022,DELTA AIR   0062497752715,Travel,Sale,-103.60,
02/01/2022,02/02/2022,SQ *VILLAGE CAFE &amp; GRILL,Food & Drink,Sale,-11.88,
02/01/2022,02/02/2022,MTA*NYCT PAYGO,Travel,Sale,-2.75,
02/01/2022,02/02/2022,BITE DELIGHT DELI GROCERY,Groceries,Sale,-6.24,
02/01/2022,02/02/2022,BITE DELIGHT DELI GROCERY,Groceries,Sale,-6.24,
02/01/2022,02/01/2022,ANNUAL MEMBERSHIP FEE,Fees & Adjustments,Fee,-95.00,
01/31/2022,02/01/2022,MTA*NYCT PAYGO,Travel,Sale,-2.75,
01/31/2022,02/01/2022,MTA*NYCT PAYGO,Travel,Sale,-2.75,
01/29/2022,02/01/2022,719 BROTHERS FAMOUS DELI,Groceries,Sale,-5.64,
01/31/2022,01/31/2022,HUMMUS KITCHEN,Food & Drink,Sale,-136.50,
01/30/2022,01/31/2022,GROUND CENTRAL COFFEE 4,Food & Drink,Sale,-6.48,
01/30/2022,01/31/2022,MTA*NYCT PAYGO,Travel,Sale,-2.75,
01/30/2022,01/31/2022,GROUND CENTRAL COFFEE 4,Food & Drink,Sale,-3.81,
01/29/2022,01/31/2022,BITE DELIGHT DELI GROCERY,Groceries,Sale,-8.06,
01/30/2022,01/31/2022,MTA*NYCT PAYGO,Travel,Sale,-2.75,
01/28/2022,01/31/2022,719 BROTHERS FAMOUS DELI,Groceries,Sale,-6.24,
01/30/2022,01/30/2022,Payment Thank You - Web,,Payment,3445.54,
01/29/2022,01/30/2022,MTA*NYCT PAYGO,Travel,Sale,-2.75,
01/28/2022,01/30/2022,TARGET        00032292,Shopping,Sale,-11.96,
01/28/2022,01/30/2022,TARGET        00032292,Shopping,Sale,-3.03,
01/29/2022,01/30/2022,USPS KIOSK 3596559551,Shopping,Sale,-1.16,
01/29/2022,01/30/2022,MTA*NYCT PAYGO,Travel,Sale,-2.75,
01/28/2022,01/30/2022,MTA*NYCT PAYGO,Travel,Sale,-2.75,
01/27/2022,01/30/2022,MTA*NYCT PAYGO,Travel,Sale,-2.75,
01/27/2022,01/30/2022,MTA*NYCT PAYGO,Travel,Sale,-2.75,
01/29/2022,01/30/2022,LYFT   *RIDE FRI 8AM,Travel,Sale,-36.81,
01/29/2022,01/30/2022,USPS KIOSK 3596559551,Shopping,Sale,-1.36,
01/27/2022,01/28/2022,CYBERGRANTS DONATION SERV,Shopping,Sale,-1200.00,
01/27/2022,01/28/2022,BITE DELIGHT DELI GROCERY,Groceries,Sale,-6.24,
01/26/2022,01/27/2022,REVEL* CAR,Travel,Sale,-29.59,
01/26/2022,01/27/2022,MTA*NYCT PAYGO,Travel,Sale,-2.75,
01/26/2022,01/27/2022,REVEL* TIP,Travel,Sale,-20.00,
01/25/2022,01/27/2022,MTA*NYCT PAYGO,Travel,Sale,-2.75,
01/24/2022,01/26/2022,SZECHUAN MOUNTAIN HOUSE.,Food & Drink,Sale,-226.11,
01/26/2022,01/26/2022,LYFT   *RIDE TUE 11AM,Travel,Sale,-37.18,
01/25/2022,01/26/2022,BITE DELIGHT DELI GROCERY,Groceries,Sale,-4.16,
01/25/2022,01/26/2022,AIRBNB  HMM2PHXY2R,Travel,Sale,-557.14,
01/24/2022,01/25/2022,MTA*NYCT PAYGO,Travel,Sale,-2.75,
01/24/2022,01/25/2022,MTA*NYCT PAYGO,Travel,Sale,-2.75,
01/23/2022,01/25/2022,GROVE MARKET,Groceries,Sale,-6.50,
01/24/2022,01/25/2022,MTA*NYCT PAYGO,Travel,Sale,-2.75,
01/24/2022,01/25/2022,CURB SVC LONG ISALN,Travel,Sale,-69.60,
01/23/2022,01/24/2022,SPEEDWAY 01972 2338 DEL M,Gas,Sale,-20.64,
01/23/2022,01/24/2022,TRADER JOE'S #115  QPS,Groceries,Sale,-36.06,
01/23/2022,01/24/2022,SQ *PG BOOKWORKS  INC,Shopping,Sale,-9.25,
01/23/2022,01/24/2022,D J*WALL-ST-JOURNAL,Bills & Utilities,Sale,-9.99,
01/23/2022,01/24/2022,DIABLO FOODS,Groceries,Sale,-61.67,
01/24/2022,01/24/2022,Spotify USA,Bills & Utilities,Sale,-4.99,
01/21/2022,01/24/2022,CRYSTALFISH,Food & Drink,Sale,-54.52,
01/22/2022,01/23/2022,APPLE.COM/BILL,Entertainment,Sale,-95.99,
01/21/2022,01/23/2022,TRADER JOE'S #079  QPS,Groceries,Sale,-30.74,
01/21/2022,01/23/2022,MARATHON PETRO179499,Gas,Sale,-40.50,
01/21/2022,01/23/2022,PRESSED JUICERY - WALN,Food & Drink,Sale,-7.15,
01/22/2022,01/23/2022,SQ *GOODIES DELICATESSEN,Groceries,Sale,-22.50,
01/21/2022,01/23/2022,LAURA L. HALVORSEN  DDS,Health & Wellness,Sale,-123.60,
01/22/2022,01/23/2022,TRADER JOE'S #079  QPS,Groceries,Sale,-29.99,
01/20/2022,01/21/2022,AMZN Mktp US*313SG4Z53,Shopping,Sale,-32.99,
01/18/2022,01/20/2022,AMTRAK .COM 0180610595258,Travel,Sale,-44.00,
01/19/2022,01/20/2022,CL *Chase Travel,Travel,Sale,-224.89,
01/19/2022,01/20/2022,CL *Chase Travel,Travel,Sale,-280.20,
01/18/2022,01/19/2022,SQ *SALT &amp; STRAW ICE CREA,Food & Drink,Sale,-10.70,
01/18/2022,01/19/2022,TST* EQUATOR COFFEES &amp; TE,Food & Drink,Sale,-9.50,
01/16/2022,01/17/2022,POPCORN,Groceries,Sale,-3.80,
01/16/2022,01/17/2022,TRADER JOE'S #200 QPS,Groceries,Sale,-96.84,
01/16/2022,01/17/2022,SQ *JOHNNY DOUGHNUTS  HAY,Food & Drink,Sale,-7.03,
01/16/2022,01/17/2022,SQ *HAYES VALLEY,Food & Drink,Sale,-4.08,
01/15/2022,01/16/2022,SQ *BOBA GUYS NOPA,Food & Drink,Sale,-13.65,
